date,meant,maxtp,mintp,mnmax,mnmin,rain,gmin,wdsp,maxgt,sun
1941-11-01,6.9,14,-3.1,9.9,3.9,67.2,-5.7,12, ,56.1
1941-12-01,6.5,12.7,-3.6,9.1,3.9,41.7,-7.6,12.5, ,46.1
1942-01-01,4.3,11.9,-3.1,6.9,1.7,91.9,-9.5,13.1, ,72.8
1942-02-01,2.9,11.6,-4.3,5.8,0,25.8,-10.7,9, ,51.4
1942-03-01,6.3,16.2,-6.1,9.4,3.2,76.4,-8.3,10.7, ,73.9
1942-04-01,8.4,16.2,0.8,11.9,4.9,36.9,-0.4,15.1, ,185.4
1942-05-01,10.4,20.9,1.8,14.4,6.3,108.2,-0.7,12, ,195.9
1942-06-01,13.1,24.1,1.4,18,8.2,4,-0.9,9.4, ,224.8
1942-07-01,14.6,22.2,7.2,18.9,10.4,57,2.4,13.4, ,182.7
1942-08-01,14.9,22.3,6.7,18.4,11.4,93,4.6,10.8, ,113.7
1942-09-01,12.5,21.1,0.6,16,8.9,122.4,-1.2,12.6, ,126.1
1942-10-01,9.4,19,0.2,13.1,5.8,33,-6.1,12.9, ,100.9
1942-11-01,5.1,12.8,-2.9,8.5,1.7,9.7,-6.8,8.9, ,58.5
1942-12-01,7.4,13.6,-1.7,10.3,4.5,62.1,-4.6,15.1, ,38.8
1943-01-01,5.9,12.2,-1.6,8.5,3.3,107.2,-7.2,15, ,76.5
1943-02-01,6.7,12.2,0,9.7,3.7,22,-4.3,16.6, ,92
1943-03-01,6.9,13.4,-2.5,10.4,3.4,20.3,-5.2,12.3, ,123.8
1943-04-01,9.8,17,1.6,13.8,5.7,33.9,-4.1,15.1, ,143.7
1943-05-01,10,19.1,0,14.4,5.7,88.1,-1.2,11.1, ,238.6
1943-06-01,13.2,23.8,5.2,17.5,8.9,80.6,1.7,12.1, ,215.8
1943-07-01,14.8,24.5,6.1,19.1,10.4,45.1,2.2,10.9, ,214.2
1943-08-01,14.4,21.6,5.7,18.2,10.6,50.5,2.9,13.9, ,138.1
1943-09-01,12.2,20,0.7,15.8,8.6,76.7,-0.4,13.5, ,129.6
1943-10-01,10.6,17.9,2,14.1,7.1,53.8,-3.2,14.3, ,98.6
1943-11-01,6.6,14.9,-1.4,9.6,3.6,52.7,-2.9,14.2, ,77.9
1943-12-01,5.1,11.4,-2.8,7.6,2.6,38,-8.4,12, ,48.7
1944-01-01,7,12.8,-0.6,9.8,4.1,84.6,-5.6,16.3, ,54.9
1944-02-01,4.8,13.1,-2.9,7.7,1.8,25.5,-5.7,14, ,76.6
1944-03-01,5.7,18.2,-3.1,9.8,1.6,11.5,-7.8,8.5, ,148
1944-04-01,9.6,19.7,0,14,5.3,44.1,-6.8,10.7,40,158
1944-05-01,10.6,21.6,1,15,6.3,18.9,-2,9.4,52,190.3
1944-06-01,12.6,24,4.5,16.8,8.3,31.6,0.9,10.8,49,162
1944-07-01,15,22.5,8.6,18.3,11.8,57.7,4.7,7.9,34,89.9
1944-08-01,15.6,24.2,7,19.7,11.4,56.9,3.8,8.4,40,187.5
1944-09-01,11.6,19.8,2.8,15.7,7.5,146.4,-2.8,10.4,44,130.3
1944-10-01,8.7,15.6,2.2,12.1,5.4,72.1,-1.3,10.7,44,115.6
1944-11-01,6.5,14.4,-1.7,9.7,3.3,124.2,-2.4,12.9,54,62.5
1944-12-01,5.1,12.4,-2.5,7.7,2.5,48.9,-4.9,11.6,51,72.2
1945-01-01,2,11,-7.7,4.6,-0.6,30.9,-12.4,12.7, ,71
1945-02-01,7.6,15.3,-1.6,11.2,4.1,56.7,-3.7,14, ,85.2
1945-03-01,8.5,14.9,-1.7,12.1,5,14.7,-6.8,11.1, ,114.8
1945-04-01,9.2,18.7,-2.2,13.2,5.2,37.4,-3.3,10, ,202.5
1945-05-01,10.7,21.7,-1.4,15.1,6.3,49.4,-4.5,9.1,47,193.5
1945-06-01,13.4,20.8,6.2,17.4,9.5,83.4,4.2,11.3,41,179.2
1945-07-01,15.1,23.2,7.2,18.8,11.4,82.9,5,10.1,37,133.7
1945-08-01,14.8,21.6,6.7,18.9,10.7,24,5.9,7.6,37,179.7
1945-09-01,13.7,22.2,5.5,17.1,10.3,66.6,1.9,9.8,59,115.6
1945-10-01,11.5,19,2.1,14.7,8.4,43.6,0.2,8.1,52,96.3
1945-11-01,8.2,14.6,-1.8,10.9,5.6,15.3,-4.1,7.6,27,57.3
1945-12-01,6.7,12.9,-0.9,9.4,4,86.5,-3.2,11.7,50,51.1
1946-01-01,4.7,11.6,-6.8,7.6,1.8,59.8,-10.6,12.5,52,66.4
1946-02-01,5.9,12.1,-4.8,8.5,3.3,89,-6.7,13.9,52,84.5
1946-03-01,6,16.8,-3.2,9.4,2.7,43,-10,11.3,40,124.2
1946-04-01,8.6,18,0.4,12.6,4.6,32.3,-1.1,10.7,40,157.7
1946-05-01,9.3,16.6,-1.2,12.6,5.9,56,-2.2,11.2,40,225
1946-06-01,12.1,22.6,4.4,16.3,7.9,74.6,1.7,10.8,55,182.8
1946-07-01,14.5,23.1,6.1,18.5,10.5,61.8,5.2,10.7,54,172.9
1946-08-01,13.3,22.1,5.4,17,9.7,128.3,2.8,9.9,41,133.1
1946-09-01,12.8,18.9,7.2,15.9,9.7,145.6,3.4,12,47,84.5
1946-10-01,10.5,17.2,3.9,12.5,8.4,51.9,0.6,9.9,31,66.3
1946-11-01,7.9,17.4,0.4,10.6,5.2,101.2,-1.1,11.4,49,56.3
1946-12-01,4.1,10.4,-3.1,7,1.2,78.2,-6.7,11,62,66.5
1947-01-01,3.9,12.1,-6.7,6.5,1.3,69.9,-15,12.2,53,30.3
1947-02-01,0.2,4.8,-10.9,1.9,-1.4,62.3,-8.9,13.3,55,28.2
1947-03-01,3.9,14.4,-7.7,6.8,1.1,147.5,-9.8,11.3,58,81.6
1947-04-01,8.1,17.7,0.1,12,4.2,71.6,-5.4,13.6,62,158.8
1947-05-01,10.6,20.4,2.8,14.1,7.1,87.9,-1.1,9,42,179.9
1947-06-01,13.1,20.3,6.5,16.5,9.7,104.6,4.1,8.5,43,164.1
1947-07-01,14.3,25,6.9,17.8,10.8,69.2,1.7,7.9,34,148.5
1947-08-01,16.3,24,8.5,20.3,12.2,32.7,4.4,5.2,27,275
1947-09-01,13.6,23.5,2.7,17.5,9.6,59.5,1,9,49,119.1
1947-10-01,11.3,18.7,3.7,14.5,8.1,18.5,-0.6,7.5,34,110.8
1947-11-01,7.5,17.6,-3.6,10.3,4.7,73.1,-5.2,11.6,55,82.1
1947-12-01,5.6,12.2,-4.9,7.9,3.4,119.1,-7.9,10.7,42,51.2
1948-01-01,4.8,12.8,-2.2,7.5,2.2,171.4,-6.8,12.8,68,66.4
1948-02-01,5.3,13,-2.8,7.9,2.7,35.3,-7.3,13.2,68,67.7
1948-03-01,8.7,20.1,0.1,12.7,4.6,39.2,-5.2,10,53,161.8
1948-04-01,8.2,17.9,-1.1,12.2,4.3,62.5,-3.6,9.7,56,180.3
1948-05-01,9.7,19,0.1,14.1,5.4,64.3,-1.2,7.6,35,228.2
1948-06-01,12.4,21.5,4.2,16.2,8.5,71.1,1.7,10.1,43,178.3
1948-07-01,14.2,25.9,6.4,18.1,10.3,57,4.1,9.4,42,168
1948-08-01,14.3,21.9,6.2,17.7,10.8,88.6,5.1,9.1,54,115.2
1948-09-01,13,20.1,2.3,16.8,9.1,53.1,1.2,11.1,43,122.4
1948-10-01,10.2,19.2,-2.2,13.4,7.1,39.1,-7.1,10.7,43,87.4
1948-11-01,9,15.7,-0.6,11.9,6.1,41.6,-4.8,10.8,45,65.4
1948-12-01,6.5,17.1,-0.7,9.1,3.9,106.9,-4.1,12.1,59,70.7
1949-01-01,6.2,12.3,-2.3,9.1,3.4,53.4,-6.8,12.9,48,61.1
1949-02-01,6.6,13,-0.4,9.7,3.6,25.8,-3.3,13.2,54,93.1
1949-03-01,6.1,13.7,-2.8,9.5,2.6,57.6,-4.5,9.8,43,114.9
1949-04-01,9.2,18.1,-1.1,13.1,5.2,46.1,-4.6,12.4,53,155.2
1949-05-01,10.2,22.4,0.9,14.6,5.8,40.4,-2.2,8.3,40,226
1949-06-01,14.3,26.2,4.4,18.8,9.8,22.3,-1.1,6.4,40,273.3
1949-07-01,15.6,24.8,6.9,19.4,11.7,40.7,5,7.9,34,170.6
1949-08-01,15.2,23.4,4.4,19.2,11.2,80.3,3.2,7.9,40,161.5
1949-09-01,14.7,21.2,5.9,18.4,10.9,23.1,2.4,8.7,37,180.4
1949-10-01,11.3,19.9,-1.2,14.4,8.1,96.3,-3,10.1,53,86.1
1949-11-01,7.1,13.3,0.6,10.2,4.1,36.5,-3.9,11.3,52,84.9
1949-12-01,5.9,12.3,-3.9,8.7,3,74.8,-4.7,14.4,55,56.6
1950-01-01,6,13.4,-2.8,8.6,3.4,10.5,-9.4,11.1,48,52
1950-02-01,5.5,13.9,-3,8.6,2.4,107.3,-6.7,12.8,50,68.7
1950-03-01,7.4,14.1,-1.2,11.2,3.6,33.6,-5,9.9,48,129.9
1950-04-01,7.1,16.1,-1.1,10.9,3.4,51.1,-2.3,13,55,150.6
1950-05-01,10.6,18.9,2,14.3,6.9,41.6,-2.1,9.6,41,224
1950-06-01,14.6,25.9,5.1,19.2,10,28.8,3.5,8.5,36,233.1
1950-07-01,14.7,21.1,6.5,18.5,11,81.6,4.9,8.8,45,165.9
1950-08-01,14.2,20.2,7.8,18.2,10.3,145.8,5.7,9.5,46,172.7
1950-09-01,11.8,21.2,4.2,15.4,8.1,102.8,1.1,12.8,57,128.9
1950-10-01,9.8,18.2,0.8,12.8,6.8,78.4,-2.9,11,48,113.1
1950-11-01,5.3,12.1,-3.4,8.5,2.2,50.9,-6.3,11,47,87.2
1950-12-01,2.2,10.7,-5.1,4.5,-0.1,62.3,-6.2,10.7,42,52.6
1951-01-01,4.3,12.7,-4.6,7.1,1.5,69.5,-8.2,11.7,54,69.1
1951-02-01,3.2,12.4,-5.2,6.5,-0.1,60.4,-7.8,11.4,48,109.1
1951-03-01,4.4,14,-3.9,7.5,1.3,85.9,-8.5,11.1,52,94.2
1951-04-01,6.1,17.2,-1.2,10.2,2,28.6,-2.8,12.7,48,206.4
1951-05-01,8.8,18.1,1.3,12.1,5.5,52.8,-2.2,11.9,41,201.8
1951-06-01,12.9,22.2,5.6,17.2,8.6,22.9,0.4,8.6,42,240.2
1951-07-01,15,22.8,5.6,19.2,10.8,47.9,2.8,9.2,32,161.2
1951-08-01,13.8,22,5.1,17.6,10,83.3,3.8,9.8,40,143.4
1951-09-01,13.4,20.2,6.3,16.8,9.9,71.4,4.1,9.7,48,102.8
1951-10-01,10.8,20.6,-0.2,13.7,7.9,13.8,-1.7,9.7,43,103.8
1951-11-01,7.6,13.7,-1.3,10.6,4.7,125.6,-3.3,12.4,57,52.1
1951-12-01,5.6,13.8,-1.5,8.7,2.6,81.3,-5.5,13.1,59,57.8
1952-01-01,3,11.3,-5.1,5.9,0,87,-6.6,12.3,52,78
1952-02-01,4.1,10.3,-3.9,7.2,1,14.1,-7.2,9.2,36,84.4
1952-03-01,6.9,14.3,-1.7,9.9,4,31.1,-3.9,11.1,44,115.2
1952-04-01,8.6,17.1,-2.1,12.5,4.8,39,-4.2,9.4,45,180.7
1952-05-01,11.7,20.8,4.2,15.5,7.8,54.3,1.6,8.5,39,197
1952-06-01,13.1,23.7,2.6,17.3,8.8,39.2,1.3,10,38,177.4
1952-07-01,15.5,23.6,5.7,19.4,11.5,28.7,4.4,9.7,40,142.8
1952-08-01,14.9,22.3,8.2,18.7,11.1,98.4,5.1,8.7,39,149.8
1952-09-01,10.5,19.4,0.6,14.2,6.8,61.1,-1.1,11.6,54,138
1952-10-01,9.2,15.1,1.3,12.2,6.1,85.5,-3.5,13,60,127.7
1952-11-01,5.6,14.9,-3.2,8.2,3.1,88.8,-6.1,11.8,56,59.6
1952-12-01,4.5,12.3,-3.1,7.3,1.7,50,-7.8,11.9,50,59.9
1953-01-01,5.2,11.2,-3.2,7.8,2.5,15.8,-5.9,9.7,48,57.2
1953-02-01,5.7,15,-2.8,8.4,2.9,44.8,-7.1,11.6,44,61.9
1953-03-01,5.7,17.6,-3.1,9.4,2.1,9.3,-6.3,7.2,51,116.2
1953-04-01,6.7,18.4,-0.2,10.6,2.8,65.5,-4,10.3,45,184.1
1953-05-01,11.9,20.2,0.8,16,7.8,50.9,-1.6,9.7,40,228.9
1953-06-01,13.4,23.4,3.9,17.2,9.6,38.6,0.6,7.7,41,189.3
1953-07-01,14.7,21.4,8.2,18.4,10.9,78.7,6.8,10.7,38,179.1
1953-08-01,15,23.2,7.1,19.1,10.8,76.8,3.7,9.2,42,174.5
1953-09-01,13.5,22.8,5,16.9,10.1,43.8,4.2,10.4,52,107.2
1953-10-01,10.1,19.5,2.2,13.5,6.6,42.3,-3.1,7.9,55,88.4
1953-11-01,8.4,14,2.1,10.9,5.8,62.6,-3.1,11.1,50,60.8
1953-12-01,7.6,15,-0.2,10.3,4.9,51.5,-4.9,9.7,40,36.9
1954-01-01,4.5,13.2,-3.1,7.1,2,33.4,-6.7,12.7,68,44.7
1954-02-01,4.4,13.9,-3.7,7.1,1.6,59.3,-7,9.8,46,63.3
1954-03-01,6.2,14.3,-3.8,9.2,3.2,54.1,-6.7,11.1,46,95.3
1954-04-01,8,15.7,-0.1,12,3.9,14.3,-3.7,9.4,43,180.8
1954-05-01,10.3,17.4,2.1,14,6.6,95.6,-2.1,10.7,52,163.7
1954-06-01,12.5,21.2,5.2,16.1,8.9,38.7,0.5,10.1,39,159.3
1954-07-01,13.7,19.8,5.2,17.2,10.1,55.2,3.9,11,51,134.4
1954-08-01,13.5,24,6.2,17.4,9.7,70.8,1.7,9,38,157.9
1954-09-01,11.7,18.2,1.8,15.6,7.8,56.5,-0.6,11.1,52,161.4
1954-10-01,11.4,18.8,1.8,14.6,8.3,133.9,-5.1,10.6,44,73.5
1954-11-01,6.6,15.4,-1.1,10.1,3.2,100.9,-4.3,10.7,59,72.7
1954-12-01,7.3,15.1,-1.2,9.6,5,100.3,-3.3,15.1,61,39.5
1955-01-01,4,12.3,-5.4,6.6,1.4,86.2,-10,11.4,50,62.4
1955-02-01,2.1,12.7,-4.5,4.6,-0.3,68.1,-10.4,10.8,42,78.1
1955-03-01,4.2,11.8,-2.7,7.7,0.7,31.7,-9.5,8.1,43,171.7
1955-04-01,9.4,17.9,0,13.5,5.3,21.3,-6.1,8.5,40,180.8
1955-05-01,9.1,17.2,0.5,12.9,5.3,61.8,-1.2,11.4,49,206.9
1955-06-01,12.7,20,4.6,15.8,9.5,113.9,1.2,9.2,37,112.6
1955-07-01,16.1,25.9,6.9,20.5,11.7,14.1,5.7,5,32,305.9
1955-08-01,16.8,24.7,8.9,20.8,12.7,85.3,4.9,6.3,34,169.6
1955-09-01,13.8,22.6,6.2,17.8,9.8,47.6,4.6,10.5,43,180.2
1955-10-01,8.7,19.4,-0.9,12.7,4.7,25.4,-2.8,10.2,50,139.7
1955-11-01,8.1,14.8,0.7,10.4,5.8,45.7,-3.5,8.2,55,42.1
1955-12-01,6.7,13.5,0.1,9.5,4,108.4,-5.7,12.7,61,49.2
1956-01-01,3.9,11.1,-4.9,6.8,1.1,88.4,-6.3,10.3,51,62.1
1956-02-01,2.2,12.3,-8.2,5.1,-0.7,30.7,-9.9,10.6,55,76.6
1956-03-01,6.9,13,0.6,9.5,4.4,45.6,-6.2,13.9,55,123.6
1956-04-01,7.5,15.9,-0.4,11.5,3.4,47.6,-7.4,8.9,35,172.9
1956-05-01,11.2,20.6,0.6,15.7,6.7,16.1,-2,10.6,47,230
1956-06-01,12.7,23.5,2.9,16.9,8.5,53.9,-1.1,10.9,50,222.5
1956-07-01,14.6,23.3,7.9,17.9,11.3,98.5,6.3,9.7,50,152.5
1956-08-01,12.9,20.6,6.2,16.6,9.2,155,3.6,9,49,182.1
1956-09-01,13.4,20.3,5.2,16.1,10.7,90.3,3.4,9.5,56,82.3
1956-10-01,9.6,16.1,1.2,12.9,6.3,41.1,-0.9,9.1,44,111.9
1956-11-01,7.1,13.4,-1.1,9.5,4.8,31.5,-2.6,10.8,49,48.1
1956-12-01,7,12.9,-0.1,9.3,4.7,89.1,-6.4,13.4,60,32.6
1957-01-01,6.1,14.6,-1.9,9,3.3,52.2,-5.2,12.8,55,74.2
1957-02-01,5.1,11.6,-3.8,8,2.1,60,-8.2,11.4,73,108.8
1957-03-01,9.5,17.1,1.9,12.2,6.8,70.3,-2,10.7,56,77.6
1957-04-01,8.2,15.1,0.2,11.7,4.7,26.4,-1.6,8.7,33,154.4
1957-05-01,10.3,18.9,0,14.2,6.4,77.1,-2.2,8.9,37,228.7
1957-06-01,13.5,23.3,2.5,17.9,9.2,48.5,0.6,0,35,288.6
1957-07-01,15.1,22.2,8.3,18.2,12,86.9,7.4,9.2,38,108.7
1957-08-01,14.4,20.8,5.6,17.9,11,88.3,3.4,9.5,49,141.8
1957-09-01,12,19.4,3,15.4,8.7,131.7,0.7,10.8,45,114.4
1957-10-01,10.2,16.8,1.4,13.7,6.8,71.7,-1.2,8.5,48,91.4
1957-11-01,6.9,13.6,-2.7,9.3,4.6,39.3,-3.6,8.8,46,57.9
1957-12-01,5.7,13.4,-1.6,8.5,2.9,74.9,-5.6,11.1,52,55.9
1958-01-01,4.7,12.4,-7,7.4,2,40,-8.8,11.7,55,79.5
1958-02-01,5.4,13.5,-3.1,8.2,2.6,101.6,-5.3,10.4,48,62.7
1958-03-01,4.4,15.2,-5,7.1,1.6,23.4,-9.1,11.3,40,105.1
1958-04-01,7.8,17.1,-1.2,11.2,4.4,29.9,-5,9.3,43,140.8
1958-05-01,10,20.6,2.4,13.7,6.3,103.9,-0.5,8.8,39,176.9
1958-06-01,13,20.8,5.6,16.2,9.7,168.5,4.6,6.4,32,139.6
1958-07-01,14.6,25.1,6.1,18,11.3,109.5,4.6,6.1,32,147.3
1958-08-01,14.7,21.6,6.7,18,11.4,140.6,5.6,6.3,43,128.9
1958-09-01,14.3,19.3,5.6,17.3,11.3,128.8,4.6,7.3,48,111.3
1958-10-01,10.7,17.1,3.4,13.7,7.7,52,0.8,7.4,37,104.9
1958-11-01,8.1,14.8,1,10.6,5.5,45.4,-1.6,5.8,34,55.4
1958-12-01,5.4,12.2,-3,7.8,2.9,90.3,-6,8.2,49,51.2
1959-01-01,3.1,11.3,-4.6,5.8,0.4,47.4,-6.1,8.1,48,99.3
1959-02-01,6.4,13.8,-1.6,9.4,3.3,13.1,-7,8.3,44,69.2
1959-03-01,7.4,15.4,1.9,10.1,4.6,39.7,-3.9,9.4,40,112.1
1959-04-01,8.5,14.9,0.4,12.2,4.8,44.1,-3.4,8.7,51,152.9
1959-05-01,11.4,20,0.7,15.1,7.7,73.6,-2,5.7,32,236.3
1959-06-01,14,22.4,6.7,18.1,9.9,37.2,2.8,7.4,45,240.6
1959-07-01,15.8,24.3,7.9,19.8,11.8,45.2,5.4,6.4,38,191.6
1959-08-01,15.9,25,7.2,19.9,12,17.6,5.1,7.2,50,189.6
1959-09-01,14.3,23.5,5.5,18.3,10.3,24.3,2.9,5.4,30,181.2
1959-10-01,11.7,20.3,1.1,15,8.3,106.7,0.4,10.6,58,132.5
1959-11-01,7.3,14.7,-0.8,10.2,4.4,89.6,-4.2,10.2,62,79.8
1959-12-01,6.2,13,0.6,8.9,3.4,132.1,-3.3,13.3,53,54.9
1960-01-01,5.1,12.8,-1.4,7.7,2.5,87.4,-3.3,10.2,50,54.5
1960-02-01,4.1,14.6,-4.9,7.2,0.9,35.2,-6.2,10.9,48,109
1960-03-01,6.6,11.9,0.6,8.6,4.5,97.2,-1.8,12.3,44,55.5
1960-04-01,8.9,15.1,0.6,12.6,5.2,27.2,-2.2,10.4,59,176.5
1960-05-01,12,20.8,4.8,15.7,8.4,52.4,1.3,8.5,42,210.9
1960-06-01,14.6,24.9,6.1,18.9,10.4,51.1,4.1,8.3,56,241.6
1960-07-01,14.6,21.4,8.2,18.3,11,139.8,4.9,9.5,39,173.1
1960-08-01,14.2,21.5,6.1,17.8,10.5,86.3,4.6,7.1,34,175.2
1960-09-01,12.3,22.1,5.1,16,8.7,81.2,2.8,8.8,44,119.2
1960-10-01,10.1,16.7,1.2,13.1,7.1,161.3,-1.7,8.4,40,78.9
1960-11-01,7.1,14,-0.6,9.8,4.4,117.7,-6.9,10.5,67,78.1
1960-12-01,4.1,11.3,-2.8,6.9,1.4,95.4,-7.2,9.6,55,88.7
1961-01-01,4.4,12.4,-2.2,7.2,1.7,106.3,-7.2,11.1,63,46.2
1961-02-01,7.8,14.2,-0.3,10.5,5,50.8,-2.2,12,69,98.6
1961-03-01,8.8,17.8,0.5,12.4,5.1,4,-3.2,9.7,42,126
1961-04-01,9.4,16.1,1.6,12.5,6.3,90.4,-1.7,7.1,40,139.4
1961-05-01,10.7,19.7,2.8,14.4,7.1,29.6,-0.6,7.8,49,231.6
1961-06-01,13.4,22.1,4.7,17.4,9.4,42.4,3.3,9.1,33,165.9
1961-07-01,14,20,6.8,17.5,10.6,52.6,4.8,8.7,46,131.3
1961-08-01,14.3,22.1,7.3,18.2,10.4,47.3,2.2,10.6,42,161.1
1961-09-01,13.6,21.3,5.6,17.3,9.9,86.4,2.3,8.3,64,119.8
1961-10-01,9.8,16.7,2.1,13.1,6.5,58.8,-1.6,11,73,107.5
1961-11-01,6.8,14.8,-0.2,9.3,4.4,52.8,-4.4,10.4,43,71.3
1961-12-01,4,13.8,-10.1,7,1.1,57.1,-11,10.9,55,76.5
1962-01-01,4.9,12.1,-9.4,7.8,2,41.1,-10.9,13.5,60,69
1962-02-01,5.4,11.4,-1.6,8.1,2.7,26.7,-3.6,15.3,64,46.5
1962-03-01,3.5,13.3,-6.3,6.8,0.2,53.6,-9.1,9.8,56,128.8
1962-04-01,7.5,16.2,0.8,10.9,4.1,40.8,-3.2,10.6,47,193.3
1962-05-01,10,18.2,2.2,13.9,6.1,56.8,-1.8,9.6,45,212.5
1962-06-01,12.4,21.3,1.5,16.7,8.1,24.9,-1.4,10.1,55,202.8
1962-07-01,13.7,21.4,4.8,16.9,10.5,68,2.9,8.4,37,125.4
1962-08-01,13.7,19.9,6.9,17.3,10,73.1,2.9,10.4,51,161.1
1962-09-01,11.8,18.9,3.4,15.2,8.5,129.2,-1.1,9,54,87
1962-10-01,10.4,16.8,0.7,13.6,7.2,16.8,-1.6,8.4,49,120.6
1962-11-01,6.6,12.7,-1.6,9,4.2,47.9,-3.2,9.8,55,44.3
1962-12-01,4.8,12.8,-3.3,7.3,2.4,75.3,-6.9,13.4,71,57.3
1963-01-01,0.9,7.1,-6.7,2.9,-1.1,41.1,-11,13,50,58.4
1963-02-01,1.9,6.8,-4.6,4.1,-0.3,61.9,-7.6,13,52,61.1
1963-03-01,6.6,13.3,-1.2,9.9,3.4,65.2,-5.4,12.6,54,115.5
1963-04-01,7.9,16.4,-1.6,11.2,4.7,47,-4.4,11.6,52,111.7
1963-05-01,9.6,17.3,2.3,13.4,5.9,42,-0.6,12.2,48,183.5
1963-06-01,13.2,21.7,6.6,16.8,9.7,54.3,4.6,9.6,45,203.2
1963-07-01,13.9,22.9,6.2,17.4,10.4,23.5,2.7,7.8,35,156.6
1963-08-01,13.6,20.9,6.2,17.2,10.1,103.1,3.7,10.4,45,133.8
1963-09-01,12.2,21.1,4,16,8.4,44.9,2.4,9.6,49,148.4
1963-10-01,11,17.2,3.1,14.2,7.8,47.6,-0.6,11.8,46,82.5
1963-11-01,7.7,13.1,-0.3,10.5,4.9,95.9,-5.7,12.6,59,81.3
1963-12-01,5,12,-4.6,7.1,2.9,16.4,-7.2,12.2,49,52.8
1964-01-01,6.1,11.4,0,8.3,3.9,14.8,-3.8,9.8,50,34.4
1964-02-01,5.3,13.4,-3.4,7.7,2.9,28.3,-6.7,12.9,47,70.2
1964-03-01,5.5,11.6,-0.4,7.8,3.2,106.6,-4.9,10.5,47,65.7
1964-04-01,8.2,14.6,-0.3,11.6,4.9,62.3,-3.4,10.8,42,139.9
1964-05-01,11.9,18.6,4.7,15.6,8.1,45.4,2.8,11.1,49,189.9
1964-06-01,13,22.1,4.4,16.3,9.6,51,3,10,42,144.2
1964-07-01,15.1,21.7,5.6,18.6,11.6,47.4,3.9,9.6,47,153.9
1964-08-01,14.5,22.8,4.9,18,10.9,81.3,2.7,8.6,43,170.9
1964-09-01,13.6,21.1,4.3,17.1,10.2,51.7,2.4,9.6,47,151
1964-10-01,9.2,16.8,-0.4,12.3,6.1,62.3,-1.1,8.1,45,83.6
1964-11-01,8,14.4,-1.7,10.8,5.2,26.2,-5.6,10.1,48,84.9
1964-12-01,4.9,13.1,-2.8,7.7,2.1,111.8,-6.9,11.6,68,55.5
1965-01-01,3.9,12.3,-3.5,6.5,1.3,97.3,-5.6,13,73,69.8
1965-02-01,4.1,10.2,-1.6,6.6,1.7,4.7,-6.1,8.3,48,50
1965-03-01,6,21.3,-6.7,9.2,2.8,54.6,-7.7,11.2,49,127.4
1965-04-01,8.3,15.3,1.7,11.8,4.8,45.4,-4.8,11.4,60,182.5
1965-05-01,10.9,19.2,1.4,14.4,7.3,51.9,-2.8,9.1,44,154.1
1965-06-01,13.6,20.2,4.2,17.3,9.9,72.9,0.1,8.8,52,189.6
1965-07-01,13.1,19.4,5.2,16.5,9.7,79.2,3.4,8.4,44,133.2
1965-08-01,14.2,21.3,6.9,17.9,10.5,55.4,4,10,42,166.5
1965-09-01,11.8,20.6,4.7,15.2,8.4,67.7,-0.3,8.8,41,103.9
1965-10-01,11.2,17.3,3,14,8.4,41.4,0.4,8.8,48,89.7
1965-11-01,5.3,12.8,-2.5,7.9,2.6,182.3,-4.9,12.7,59,75.7
1965-12-01,5,13.5,-4.9,7.8,2.3,97.1,-5.4,11.7,53,76.9
1966-01-01,5,12.4,-1.8,6.5,3.5,94.6,-3.6,11.8,51,25.2
1966-02-01,6.4,13.1,0.7,8.4,4.4,114.5,0.5,13.1,50,54.9
1966-03-01,7.2,13.8,-2.1,10.7,3.8,40.2,-5.8,12.1,55,125
1966-04-01,7,17.2,-0.5,9.6,4.3,151.8,-5.4,12.7,45,103.3
1966-05-01,10.8,22.3,3,14.9,6.7,52.3,-0.1,9.4,56,246.3
1966-06-01,14.3,23.1,8.3,17.7,10.9,119.5,6.3,7.8,40,146.3
1966-07-01,14.4,23.5,6.5,18.4,10.3,37.1,4.8,8.2,34,184.5
1966-08-01,14.2,22.4,6.1,17.8,10.6,56.5,3.2,7.3,45,156.9
1966-09-01,14.1,21.5,5.1,17.6,10.5,61.3,2.2,7.4,43,141.5
1966-10-01,9.2,16.7,0.6,12.5,5.9,132.9,-0.5,8,40,108.5
1966-11-01,5.6,12.2,-1.8,8.4,2.9,43.3,-2.7,11.7,51,69.5
1966-12-01,5.9,12.4,-1.5,9.2,2.7,115.1,-2.8,14.2,68,59.9
1967-01-01,5.4,12.8,-2.9,7.7,3,48.5,-3.7,9.4,44,57
1967-02-01,5.7,12.5,-0.7,8.1,3.2,83.8,-3.8,12.9,64,84.7
1967-03-01,6.8,15.8,-0.9,10,3.6,26.4,-4,16.9,57,145.8
1967-04-01,8.6,20.2,0.7,12.3,5,33.9,-3.9,11.1,48,166
1967-05-01,8.9,18,-0.2,12,5.8,129.4,-4.8,10.4,51,145.3
1967-06-01,13.8,22.7,5.2,18,9.6,11.4,2.7,6.8,38,191.5
1967-07-01,15.4,21.9,8.5,19,11.7,83.7,6.7,7.4,36,122.7
1967-08-01,14.3,20.7,5.6,17.9,10.8,64.3,4.2,7.8,39,145.5
1967-09-01,12.9,18.7,5.6,16.4,9.5,115.5,3.5,9.6,54,136.5
1967-10-01,9.8,17.5,1.1,13,6.6,94.4,-1.4,13.3,55,102
1967-11-01,6.2,13.4,-1.7,9.4,3.1,45.7,-3.8,9.4,44,81.2
1967-12-01,5.3,14,-4.5,7.7,2.9,45.5,-6.4,11.8,48,55.8
1968-01-01,5.7,13.6,-1.4,8.1,3.3,96.1,-3.9,12.3,70,48.7
1968-02-01,3.2,8.2,-3.9,5.9,0.6,15.9,-8,8.6,44,115.6
1968-03-01,6.4,13.8,-0.9,10,2.9,41.5,-4,12.2,52,119
1968-04-01,7.3,15.5,-3.7,11,3.7,58.6,-7.4,9.2,45,171.5
1968-05-01,9.2,19.6,1.6,13,5.4,51.8,-1.6,7.3,38,191.3
1968-06-01,13.8,22.5,5.6,17.7,9.9,51.4,2.7,6.6,36,236.6
1968-07-01,14.2,22.5,8.1,17.6,10.8,15.9,5.8,5.8,34,173.2
1968-08-01,15,23.9,6.7,18.7,11.3,106.6,5,7,33,198.5
1968-09-01,13.5,21,7.5,16.5,10.4,103.5,2.9,9.7,48,142
1968-10-01,12.5,19,5.4,15.1,9.9,59.8,1.8,9.1,49,69.2
1968-11-01,8.1,14.6,-1.1,10.1,6.2,78.8,-6.4,10.8,47,41.7
1968-12-01,5.2,12.5,-1.9,7.4,3.1,109.1,-6.2,9.5,51,47.9
1969-01-01,5.6,13.3,-6.1,7.9,3.3,105.4,-7.4,10.1,56,44.6
1969-02-01,2.1,8.6,-6.2,4.5,-0.4,41.8,-10.9,11.6,52,91.3
1969-03-01,4.4,11.6,-1.2,6.6,2.2,46.9,-7.8,9.3,44,86.4
1969-04-01,7.7,17.6,-0.4,11.5,3.8,62.3,-4.9,9.5,51,198.5
1969-05-01,10.4,18.5,2.2,13.6,7.2,111.2,-0.5,6.6,29,156.5
1969-06-01,13,20.4,4.7,16.8,9.3,46.4,0.8,6.6,35,240.7
1969-07-01,16,25.2,7.1,19.9,12.1,43.8,5.2,7.9,37,216.5
1969-08-01,15.2,23.1,6.9,18.7,11.7,34.1,5.2,7.4,37,153.6
1969-09-01,13,20.5,2.6,16.5,9.5,44.9,0.2,7,47,115.7
1969-10-01,13.1,20.2,2.3,16.1,10,11.1,0.2,9.1,43,89.1
1969-11-01,5.1,17,-2,8.1,2,90,-6.7,11.2,45,85.6
1969-12-01,4.9,12.6,-3.7,7.6,2.2,63.5,-8,11,43,52.4
1970-01-01,4.8,12.3,-6.5,7.2,2.5,62.5,-10,10.4,46,43.9
1970-02-01,3.9,11.8,-2.9,6.8,1,60.4,-7.4,12.1,62,108.6
1970-03-01,4.9,13.7,-2.4,8.3,1.5,32.5,-4.9,12.6,48,137.6
1970-04-01,7,16.3,-2.1,10.8,3.2,85.3,-4.3,11.9,42,150.4
1970-05-01,12.3,20,6.9,15.9,8.8,13.2,3.1,9.6,39,160.9
1970-06-01,15.1,24.1,9.1,18.7,11.5,31.6,5.1,7.1,42,203
1970-07-01,14.6,22.8,6.2,18.7,10.5,68.2,4,10.4,40,167.9
1970-08-01,14.7,23.5,6.7,18.4,11,68.3,4.4,6.7,56,141.7
1970-09-01,13.4,21.1,5.4,16.8,10.1,53.8,1.9,9.6,52,113
1970-10-01,10.8,17.8,3.3,13.8,7.8,59.2,0.5,12.1,56,92.8
1970-11-01,7.6,15.4,-0.4,10.2,5,128,-5.2,11.4,64,65.3
1970-12-01,5.6,12.6,-2.7,8.1,3.2,50.6,-5,10.1,44,57.5
1971-01-01,6,16.6,-3.7,8.5,3.4,39.4,-6.3,10.4,50,53.4
1971-02-01,5.9,11.1,-2.7,8.3,3.4,39.7,-5.8,8.9,50,65.4
1971-03-01,5.9,12.2,0.5,8.8,3.1,78.8,-4.3,9.2,47,83.5
1971-04-01,7.7,15.1,0.7,10.9,4.6,52.4,-3,7.5,42,165.1
1971-05-01,10.4,19.7,3,14.2,6.7,34,-2.1,6.8,36,190.4
1971-06-01,12.3,20.2,3.9,15.5,9.1,71.8,1.8,8.2,36,169.3
1971-07-01,15.7,23.8,5.4,19.7,11.8,62.8,1.8,6.9,32,226.7
1971-08-01,14.7,21.3,7.2,18.1,11.3,66.9,5.5,8.2,38,113.5
1971-09-01,14.7,22.3,5.1,18.5,10.9,27,2.1,6.7,35,171.3
1971-10-01,12.6,21.2,3.7,15.6,9.7,34.4,-1.4,11,49,118.2
1971-11-01,7.2,16.2,-1.8,10.6,3.7,48,-4.8,12.2,43,78
1971-12-01,7.8,14.7,-0.1,9.9,5.7,36.4,-1.7,13,48,31.1
1972-01-01,4.9,12.1,-8.8,7.4,2.5,110.6,-14,12.5,51,42.8
1972-02-01,5.6,10.3,0.7,7.9,3.4,59.7,-7.2,11.4,57,65.6
1972-03-01,6.4,14,0,9.4,3.3,50.1,-4.4,11.5,54,117.9
1972-04-01,8.5,17.1,1.9,11.7,5.2,49.2,-2.2,12.1,46,173.8
1972-05-01,10.1,16.7,3.1,13.1,7,66.7,0.1,12.1,56,163.1
1972-06-01,11.3,18.4,5.1,14.8,7.9,58.6,1.9,9.8,39,149.4
1972-07-01,14.9,22.8,7,18.4,11.3,41.1,4.8,6.7,32,184
1972-08-01,13.9,20.7,6.5,17.6,10.1,24,3.6,8,35,167.3
1972-09-01,12.2,22.6,2.4,16.1,8.2,7.5,-0.5,6.6,31,167
1972-10-01,11.3,17.5,1.4,14.3,8.3,40.8,-1.2,9.5,45,112.6
1972-11-01,6.3,16,-3.4,9.2,3.5,78.2,-6.4,12.2,53,83.3
1972-12-01,7.3,14.4,-1.5,10,4.6,82.6,-6.4,13.4,52,50.9
1973-01-01,6.6,12.9,-4.4,8.6,4.6,52.2,-8.4,12,56,36.2
1973-02-01,5.4,11.7,-4,7.9,3,32.5,-6.7,12.6,56,88.4
1973-03-01,6.9,16.9,-0.8,10.5,3.2,11.1,-6.4,9.3,41,136
1973-04-01,7.3,15.7,-2.5,10.8,3.8,48.1,-6.5,11.6,46,150.3
1973-05-01,10.6,17.2,1.5,14,7.2,70.9,-1.5,10,48,158.4
1973-06-01,14.3,23.2,3.9,18.3,10.2,20.2,1.6,7.9,36,226
1973-07-01,14.8,24.2,6.3,18.4,11.2,72.8,3.9,7.6,36,148.1
1973-08-01,15.2,22.8,7.1,18.9,11.5,108.9,2.6,7,49,163
1973-09-01,13.5,22.5,4.9,16.9,10.1,76.2,2.4,7.7,52,157.3
1973-10-01,10,16.4,0.2,12.7,7.3,59.2,-2.5,8.2,42,85
1973-11-01,6.9,14.6,-1.9,9.8,4,60.8,-4.7,9.6,44,74
1973-12-01,5.8,12.2,-2,8.6,3.1,72.7,-6,11.3,43,57.8
1974-01-01,7,12.8,0,10,4,81.4,-3.7,14.6,75,65.5
1974-02-01,5.9,11.7,-0.6,8.3,3.4,50.9,-6.5,10.7,52,67
1974-03-01,6.2,13.8,-1.1,9,3.4,31.7,-5.1,9.6,49,104.4
1974-04-01,7.9,14.4,0.5,11.5,4.4,43.4,-3.9,6,31,204.6
1974-05-01,10.2,17.6,2.7,13.5,7,87.6,-1.8,10.1,48,162.9
1974-06-01,12.7,21.7,4.3,16.6,8.8,39.5,2.9,9,50,207.9
1974-07-01,14.3,22.3,7,18.2,10.3,99.7,5.2,10.7,48,167.1
1974-08-01,14.4,21.5,5.7,18.1,10.6,30.2,4.2,8.6,41,165
1974-09-01,11.1,18,1.7,14.6,7.7,116,0.7,10.5,47,118.6
1974-10-01,7.9,13.4,0.6,11,4.8,26.6,-0.5,11.1,44,108.7
1974-11-01,6.4,13.3,-2.4,9.3,3.5,57.7,-3.5,12.3,63,80.3
1974-12-01,8.3,13.9,0.9,10.8,5.8,37.9,-1.4,17.1,60,52.6
1975-01-01,6.6,12.8,-1.3,9.6,3.7,82.6,-2.8,15.1,55,57.9
1975-02-01,6.3,12.1,1.4,8.6,4.1,26.2,-4.9,9.1,38,82.9
1975-03-01,5.5,12.7,-2.2,8.3,2.6,43.3,-3.4,10.7,40,131.2
1975-04-01,8.5,19.2,-1.7,12,4.9,42.8,-3.4,9.7,42,154.3
1975-05-01,9.4,19.5,1.7,13.1,5.7,43.4,-2.7,7.1,35,255.8
1975-06-01,14,23.5,2.4,18.3,9.6,14.9,0,6.7,48,253.7
1975-07-01,16.4,23.6,9,20,12.8,27.8,5.9,8.6,39,165.6
1975-08-01,16.3,26.4,6.2,20.2,12.4,35.9,4.5,6.9,29,182.7
1975-09-01,12.3,21.4,4.2,15.9,8.7,124.3,-1.6,9.9,46,120.3
1975-10-01,11.2,17.8,1.8,13.8,8.5,55.1,-1,9.3,42,87.4
1975-11-01,7.3,13.9,-0.6,10,4.6,54.3,-1.7,9.7,43,59.1
1975-12-01,5.9,11.4,-2.8,8,3.8,33.1,-4.8,10.5,39,34.6
1976-01-01,6.4,13.1,-1.2,8.6,4.2,66.1,-4.9,15.3,68,47.8
1976-02-01,6,13.5,0.4,8.3,3.7,29.3,-4.5,10.1,43,58.4
1976-03-01,6,12.9,-2,8.7,3.4,65.8,-8.4,11.7,47,89.1
1976-04-01,8.1,15,0.3,11.3,4.9,17.7,-3.6,9,42,170.1
1976-05-01,10.7,18.8,1.9,14.2,7.2,47.7,0.9,9.2,43,133.1
1976-06-01,15.7,25.1,6.2,19.8,11.6,22.5,4.7,7.9,36,218.3
1976-07-01,16,25.1,6.4,19.7,12.2,82.8,3.6,7.1,35,147.5
1976-08-01,16.2,24.6,8.1,20.4,12,6.6,3.9,5.4,33,259.9
1976-09-01,12.6,20.3,4.6,15.9,9.2,144.3,-1.4,8.9,49,98.7
1976-10-01,9.7,18.3,2.1,12.8,6.7,156.7,-0.9,8.4,53,87.9
1976-11-01,6.4,12.4,-2.9,9.4,3.5,39.1,-3.3,9.1,54,85.6
1976-12-01,3.4,9.1,-2.5,5.5,1.4,48,-6.7,8.8,43,36.8
1977-01-01,3.3,10.8,-6.9,5.9,0.7,57.8,-8.7,11.4,54,53.7
1977-02-01,5.6,10.7,-1.2,7.9,3.4,124.4,-4.2,11,45,48
1977-03-01,7.4,16,-1.1,10,4.8,57.3,-6.4,12.8,50,71.4
1977-04-01,7.2,15.5,-1.8,10.7,3.7,43.4,-4.5,12.7,55,160.8
1977-05-01,10,18,1.1,13.6,6.4,22.5,-2,7.6,46,252.6
1977-06-01,12.3,23,4.9,15.9,8.6,65.5,0.8,8,37,188.8
1977-07-01,15.5,23.8,7.1,19.1,11.9,26.1,3.8,8.6,41,189.8
1977-08-01,15.1,22.6,7.7,18.6,11.6,68.1,2.7,7.5,46,181.7
1977-09-01,13,21.7,4.5,16.1,9.9,29.2,0.1,10,43,95.8
1977-10-01,12,17,5.3,14.7,9.4,76.5,1.5,11.2,47,88.5
1977-11-01,5.8,16.1,-1.6,8.6,3,53.8,-8.4,13.3,62,71.3
1977-12-01,7.4,14.5,1.8,9.2,5.6,65.1,-7.4,12,53,36.1
1978-01-01,4.1,10.6,-2.6,6.6,1.6,59.4,-7.8,11.5,60,73.5
1978-02-01,3.9,13,-4.8,6.2,1.6,50.3,-9.9,11,54,60.1
1978-03-01,6.7,15.3,-1.6,10.1,3.3,63,-8.1,12.3,56,128.1
1978-04-01,6.8,13.3,-2,9.8,3.7,29.6,-4.8,8.6,42,137.5
1978-05-01,11.4,22.4,2.2,15.2,7.6,27.3,-0.8,5.6,33,190.1
1978-06-01,12.7,23.2,4.7,16.6,8.9,37.1,2.9,8.3,42,126.6
1978-07-01,14.3,22.2,7,18.1,10.5,50.5,3.2,8.7,43,134.7
1978-08-01,14.5,22.3,7.5,17.8,11.2,116.7,3.4,6.5,36,110.2
1978-09-01,14,22,6.4,17.6,10.4,38.4,4.3,10.8,50,115
1978-10-01,12.2,19,3.4,15.3,9.2,31.8,-0.9,8,37,105.9
1978-11-01,9.2,17.3,-2.3,12.1,6.2,64.1,-8.9,10.7,51,68.2
1978-12-01,6,13.9,-3.1,8.1,3.9,217,-10.3,11.7,52,43.5
1979-01-01,2.3,11.7,-8.1,5,-0.4,42.3,-11.5,11.2,48,77.9
1979-02-01,3.4,9.8,-4.4,5.7,1,83.4,-6.6,13.4,44,63
1979-03-01,4.8,12.8,-2.5,8.1,1.4,63.7,-6.7,14.6,55,100.4
1979-04-01,7.3,15.6,-1.9,10.6,4,53.1,-4.5,9.4,39,128.5
1979-05-01,9,21,-1,12.8,5.1,82.2,-3.9,7.7,34,167.6
1979-06-01,13.6,24,6.2,17.4,9.9,44,-0.7,7.7,37,169.4
1979-07-01,15.7,24.4,6.4,19.6,11.8,47,4.7,8.5,38,150.7
1979-08-01,14.2,23.5,6.2,18.1,10.3,96.5,2.5,9,45,170.9
1979-09-01,12.9,21.2,2.1,16.5,9.3,41.5,-0.4,10.1,48,131.2
1979-10-01,11.3,19.1,4,14.1,8.5,119,-2,9.1,44,89.7
1979-11-01,7.7,17.6,-1,10.9,4.6,51.4,-5.3,11.9,51,84.6
1979-12-01,5.6,13.6,-1.8,8,3.1,112.4,-6.4,12.1,53,62.4
1980-01-01,4.1,12,-3.5,6.5,1.7,115.2,-9.9,10.9,55,64.8
1980-02-01,6.4,12.6,-1.2,9.1,3.7,68.5,-4,8.6,43,50.2
1980-03-01,5.4,14.6,-3.6,8.5,2.2,73.7,-8.1,11.3,50,109.9
1980-04-01,8.8,17.2,1.2,12.8,4.7,8.2,-3.5,8.5,35,158
1980-05-01,11,21.3,3,14.7,7.3,41,-2.1,8.6,39,223.9
1980-06-01,13,21.6,5.6,16.4,9.6,79,3.1,9.2,47,120.2
1980-07-01,13.9,21.5,6.5,17.4,10.5,39.4,4,9.2,36,126
1980-08-01,15.1,22,7.3,18.5,11.7,97.8,0.5,8.1,42,142.6
1980-09-01,14.2,22.2,6.7,17.2,11.1,97.5,2.9,10.6,44,112.5
1980-10-01,9.1,17,1.3,12.2,6,113.7,-4.2,10.5,46,104.2
1980-11-01,7.4,15.4,-1.6,9.8,5.1,41.4,-5.2,12.7,50,67.8
1980-12-01,6.3,12.9,-2.2,9,3.7,49.7,-6,13.6,56,48.5
1981-01-01,6.1,13,-2.2,8.7,3.4,32.8,-4,12,49,59.1
1981-02-01,4.9,12.5,-1.6,7.3,2.5,48.4,-7,10.5,52,63.7
1981-03-01,8.2,15.9,1.1,11.2,5.3,101.6,-2.4,11.9,52,99.9
1981-04-01,7.9,15.6,0.1,11,4.7,49,-4.2,9,59,161.8
1981-05-01,10.7,19,0.8,14.2,7.2,92.3,-2.4,8.5,41,160.9
1981-06-01,13.1,22.2,5.1,16.6,9.5,77.1,1.5,9.7,48,137.8
1981-07-01,14.8,24.7,8.3,18.3,11.2,35.5,5,8.8,35,119.8
1981-08-01,16,22.9,7,19.7,12.3,11.6,4.1,6.6,41,140.7
1981-09-01,14.4,22.7,6.9,17.8,11,102.8,1.4,8.6,42,123.4
1981-10-01,7.6,15.2,0,11.2,3.9,109.3,-4.8,11,56,115.3
1981-11-01,8.3,16,0.4,11.3,5.3,48.8,-4.1,12,47,59.6
1981-12-01,3.1,10.8,-6.4,5.4,0.7,133,-10.7,10.5,66,44.6
1982-01-01,4.9,12.9,-7.2,7.3,2.5,50.2,-10.1,11.7,46,56.3
1982-02-01,6.3,14.5,-1.5,9.2,3.4,23.9,-4.6,11.6,47,60.3
1982-03-01,6.3,15.9,-1.3,10.2,2.5,45.4,-5.8,12,58,169.4
1982-04-01,9,16.7,0,12.9,5,19.5,-2.8,8.2,38,177
1982-05-01,10.8,20.3,1,14.7,6.8,59.6,-5,8.7,49,189.6
1982-06-01,14.1,21,7.9,17.6,10.5,102.2,3.8,7.5,42,174.6
1982-07-01,15.6,22.1,9,19.4,11.8,9.2,3.1,6.7,32,203
1982-08-01,14.9,23.7,7,18.9,10.8,65.6,2.9,9.9,41,162.3
1982-09-01,13.5,21.6,5,17,9.9,84,0.7,8,43,110.6
1982-10-01,10.2,16.8,2.4,13.4,7.1,88.2,-0.4,9.3,50,90.8
1982-11-01,7.2,15.3,-1,10.1,4.3,128.9,-3.9,12,53,63.9
1982-12-01,5,12.7,-2.6,7.9,2.2,70.3,-5.1,11,56,59.4
1983-01-01,6.7,14.2,-0.7,9.5,3.9,63.8,-4.8,15.7,55,50.9
1983-02-01,3.6,10.2,-1.4,5.7,1.4,44.8,-8.5,11.3,51,55.1
1983-03-01,7.1,13.6,-0.8,10.3,4,61,-4.5,10.5,51,71.2
1983-04-01,6.4,13.6,-2.1,10,2.7,67.1,-6.5,9.2,41,154.8
1983-05-01,9.7,16.4,2.6,12.7,6.6,79.1,-0.6,9.3,42,139.9
1983-06-01,13.6,21.4,6.1,17.3,10,54.6,4.6,8.2,39,154.6
1983-07-01,17.7,27.6,9.5,21.7,13.6,18.1,6,5.7,36,201.1
1983-08-01,16.9,26.8,8.1,20.7,13.1,45.4,6.5,5.7,33,158.6
1983-09-01,13.5,21.4,5.7,16.8,10.3,76.6,2.8,10.5,59,113.7
1983-10-01,10.5,20,-0.6,13.7,7.3,47.3,-3.1,12.5,53,113.8
1983-11-01,8.6,15.6,-1.4,10.7,6.5,21.3,-6.4,8.4,39,23.4
1983-12-01,7.5,14.4,0.1,10,5,123.2,-4.6,13,65,48.3
1984-01-01,3.9,12.5,-3.9,7,0.9,99,-9.1,15.6,71,70.7
1984-02-01,5.7,12.9,0,8.2,3.2,60.3,-5.1,11.3,69,59.4
1984-03-01,5.4,12.1,0,8.1,2.7,53.2,-5.8,8.7,54,78
1984-04-01,8.6,18,0.5,12.3,5,32.6,-6.6,8.2,37,173.4
1984-05-01,10.1,18.4,2.3,14.3,5.9,34.4,-1.9,6.5,33,218.9
1984-06-01,14.3,24,5.7,18.2,10.5,38.1,2.3,8.3,39,179.1
1984-07-01,16.1,26,7.5,20.7,11.6,30.8,3.4,6.9,33,249.6
1984-08-01,16.7,24.7,8.9,20.6,12.9,95,5.5,5.4,39,167.1
1984-09-01,13.2,22.1,5.2,16.6,9.8,76.7,1.5,8.5,38,118.9
1984-10-01,10.9,18.8,3,14.4,7.3,56.2,-2.6,9.4,67,108.9
1984-11-01,7.2,15.4,-1.7,10.2,4.3,97.2,-5.9,10.2,55,60.4
1984-12-01,6.1,13.4,-2.2,9,3.1,87.7,-4.7,10.3,44,48
1985-01-01,2.9,12,-3.5,5.6,0.2,66.5,-8,9.2,48,54.1
1985-02-01,5,12.3,-4,7.3,2.7,52,-9,11.7,45,73.3
1985-03-01,5.7,14.7,-2.4,9,2.3,72.5,-5.6,11.1,44,116.4
1985-04-01,8.7,17.1,-0.8,12.5,4.9,40.2,-3.5,11.5,48,137.3
1985-05-01,10.3,18.4,1.7,13.7,6.9,70.1,-1,8.2,39,158.8
1985-06-01,12,19.8,3,15.9,8.1,78.5,2,7.9,35,171.5
1985-07-01,15.1,22.2,7.8,18.8,11.3,107.2,5.5,8.3,38,124.9
1985-08-01,13.5,21.4,7,16.9,10.1,124.6,3.7,10.9,56,141.2
1985-09-01,14.5,23.9,5.6,18.1,11,38.2,4.6,8.7,46,121.6
1985-10-01,11.1,20,3.8,14.1,8,19.7,-1,6.4,46,74.2
1985-11-01,4.8,14.4,-2.9,8.1,1.5,33.5,-8,9.5,43,95.2
1985-12-01,7,16.2,-5.1,9.6,4.4,72.4,-7.1,11.6,53,51.9
1986-01-01,4.4,13,-3.8,7.3,1.5,103.4,-6.5,14.2,53,66.6
1986-02-01,1.8,5.7,-4.5,3.6,-0.1,10.2,-9.3,12.8,42,65.8
1986-03-01,6,14.6,-5.4,9.5,2.5,64.7,-9.4,14,61,128.8
1986-04-01,5.9,14.4,-1.1,9.5,2.4,48.2,-4.7,10.8,45,159.5
1986-05-01,10.4,17.9,2.8,14,6.8,62.5,-0.5,12.5,58,174.6
1986-06-01,13.6,21.9,3.9,17.4,9.7,82.1,1.6,7.9,43,176.6
1986-07-01,14.8,25.2,7,18.1,11.4,57.5,4.8,8.2,37,93.4
1986-08-01,12.2,19.8,4.1,15.8,8.6,158.7,2.4,9.2,55,140.3
1986-09-01,11.8,21.5,2.1,15.9,7.7,3.6,-1.2,7.2,41,195.4
1986-10-01,10.6,20,2.5,14.3,7,57,-1.9,10,54,129.5
1986-11-01,7.6,14.6,-1,10.9,4.3,102.2,-3,12.9,54,87.2
1986-12-01,6,14.2,-2.1,9.2,2.8,71.8,-5.1,13.6,51,60.5
1987-01-01,3.8,11.1,-5.2,6.1,1.6,36.6,-8.4,9.5,48,44.4
1987-02-01,5.1,14.6,-4.2,8.2,1.9,34.5,-7.2,8.9,57,68.4
1987-03-01,5.3,15.3,-2.6,8.6,1.9,56.6,-5.5,11.4,60,89.3
1987-04-01,9.5,20.5,0.4,13.2,5.8,71.8,-4,8.9,39,115.3
1987-05-01,10.3,19.3,2.9,14.4,6.3,21.7,-1.4,9.6,53,189.2
1987-06-01,12.2,23.3,2.9,15.7,8.8,112.5,0.6,6.8,41,104.5
1987-07-01,15.8,24.7,7.7,19.7,11.9,32.6,3.7,8.1,37,163.1
1987-08-01,15.2,26.6,6.3,19.1,11.4,87.4,1.8,7.1,34,127.9
1987-09-01,12.9,20.2,3.4,16.6,9.2,74.8,-1,8.4,48,156.8
1987-10-01,9.3,15.2,0.2,12.3,6.2,124.5,-2.4,9.1,48,95.7
1987-11-01,7.1,14.1,-0.6,9.7,4.4,47.8,-4.8,9.8,52,50.9
1987-12-01,7.8,14.2,-1.1,9.8,5.8,39.5,-7.6,11.3,45,34
1988-01-01,5.7,13.1,-0.3,8.3,3.1,118.3,-10,12.2,54,68.6
1988-02-01,5.1,11.3,-1,7.9,2.3,34.3,-4,12.8,73,81.8
1988-03-01,7,13.2,-1.4,10.2,3.7,85.4,-4.9,11.5,54,101.1
1988-04-01,8.8,16.8,-0.2,12.2,5.5,24.9,-3.4,6.3,30,158.4
1988-05-01,11.2,19,3.4,15,7.4,72.5,0.9,8.2,43,195.7
1988-06-01,14.4,23.5,6,18.3,10.5,38.1,2.2,5.9,30,173.2
1988-07-01,14.2,20.6,8.5,17.8,10.6,80.3,5.8,11.4,54,135.5
1988-08-01,14.5,22.4,8.5,18.3,10.7,54.5,3.8,10,49,135.4
1988-09-01,12.6,20.7,2.5,16,9.2,41.1,0,10.5,49,120.8
1988-10-01,10.5,17,1.8,13.5,7.6,79.1,-4.7,10.5,53,97.4
1988-11-01,7,14.1,-2.7,10.2,3.8,23.5,-6.9,7.4,38,85.1
1988-12-01,8.3,13.6,1,10.5,6.1,40.5,-2,12.4,48,55
1989-01-01,7.6,13.1,0.4,10.2,4.9,27.5,-3.5,12.4,54,70.3
1989-02-01,6.4,13.2,-1.5,9.6,3.2,42.6,-5.5,14.4,58,95.2
1989-03-01,7.4,15.2,-1.6,11.3,3.5,54.7,-6.7,12.2,55,113.3
1989-04-01,6.8,15.5,-2.1,10.5,3.1,79.3,-4.7,7.6,43,137
1989-05-01,11.7,22.3,2,16.1,7.3,13.1,-1.9,6.1,40,238
1989-06-01,13.8,24.5,2.7,18.2,9.3,67.8,-0.9,5.1,41,227.7
1989-07-01,17.7,27.5,8.9,22.4,13,9.6,6.4,4.8,29,253.5
1989-08-01,15.7,23.5,5.6,19.8,11.6,81.9,2.8,7.3,42,133.5
1989-09-01,13.6,20.7,5.6,16.9,10.3,25.1,1.8,8.1,50,99.7
1989-10-01,11.9,18.4,6.1,14.7,9.1,62.1,0.1,10.8,43,81.4
1989-11-01,7.9,13.7,-0.1,10.2,5.6,35.6,-6,8.6,43,57.1
1989-12-01,6.3,13.7,-1.4,8.4,4.2,55.9,-7.2,8,56,31.9
1990-01-01,7.2,14.3,0.2,10,4.4,68.3,-3.7,14.3,58,71.7
1990-02-01,7.2,15.3,-0.6,10.1,4.2,108.8,-6.7,17.7,71,68.7
1990-03-01,8.7,17.1,-1.2,11.9,5.6,10.2,-4.3,14.3,50,90.7
1990-04-01,8,17.1,-2.9,12.2,3.8,24.2,-6,10.3,57,164.9
1990-05-01,12.4,23.4,4.4,16.5,8.4,39.5,-1.2,5.2,33,212.7
1990-06-01,13.1,21,5.6,16.7,9.5,71.3,1.9,7.8,42,142.7
1990-07-01,15.8,25,5.9,19.8,11.8,48,4.2,8.2,42,239.8
1990-08-01,16.7,28.7,8.5,20.6,12.7,49.8,4.3,8,44,141.2
1990-09-01,12.7,23,2.9,16.9,8.4,16.4,-2,7.7,45,140.6
1990-10-01,11.5,17.7,3.1,14,8.9,149.2,-0.7,11.3,49,76.7
1990-11-01,7.5,18,-0.7,10.3,4.7,64,-5.8,9.4,46,83.1
1990-12-01,5.2,12.6,-2,7.7,2.6,78.7,-6.8,11.1,57,61.2
1991-01-01,4.4,13,-2.6,6.8,2,71.4,-8,11.8,66,78.9
1991-02-01,3.7,12.8,-5.3,6.6,0.8,59,-10.6,9.4,45,54.4
1991-03-01,7.9,15.2,-1.2,10.6,5.1,91.1,-3.7,9.4,50,82.7
1991-04-01,7.8,13.6,0,11.1,4.4,92.3,-1.2,12.4,46,135.5
1991-05-01,11.7,21.5,3.1,15.6,7.8,3.6,-1.3,8.5,31,168.5
1991-06-01,12.2,19.6,2.8,15.7,8.7,79.8,-0.5,9.8,53,144
1991-07-01,16,22.9,10,19.4,12.6,26.4,7.2,9.9,40,143.4
1991-08-01,16.2,24.3,6.8,20.1,12.3,36.9,4,8.3,35,155.2
1991-09-01,14.1,24,2.3,18.1,10.1,42.8,0.5,9.3,48,149.3
1991-10-01,9.8,18.2,2.6,12.6,7.1,85.6,-0.3,10.5,51,77.4
1991-11-01,6.9,13.3,0.1,9.7,4.1,50.3,-4.2,13.2,50,60.2
1991-12-01,7,14,-0.3,9.3,4.7,38.1,-5.4,11,60,40.5
1992-01-01,5.9,13.2,-2.2,8.4,3.4,32.9,-8,8.6,44,52.5
1992-02-01,7.1,12.7,0,10,4.2,23.9,-4.5,12,45,63.8
1992-03-01,7.9,15.2,-0.6,11,4.8,65.1,-2,14,53,67.3
1992-04-01,8.4,17.2,0.8,11.8,5.1,70.3,-2,11.8,45,104.4
1992-05-01,12.2,20.4,2.8,15.9,8.5,39.5,-0.3,10.2,44,204
1992-06-01,15.1,23.8,8,18.9,11.3,37.4,5.2,7.3,28,190.6
1992-07-01,15.6,22.7,8.3,19.1,12.1,69.9,5,8.6,36,158.9
1992-08-01,14.3,21,6.5,18.1,10.6,85.3,3.3,10.7,44,167.5
1992-09-01,12.3,20,3.7,15.6,9,64.2,1.4,10.1,43,98
1992-10-01,7.8,16.4,-0.4,10.8,4.7,29.7,-3.5,9.4,40,99.8
1992-11-01,7.9,15.4,-0.9,10.9,4.9,64.1,-3.8,12.8,54,62.4
1992-12-01,5.4,12.8,-4.1,8,2.8,41.6,-8.5,9.1,45,63.1
1993-01-01,6.9,14,-0.7,10.1,3.8,57.9,-2,16.2,66,37.6
1993-02-01,7,12.4,-1.5,9.2,4.7,19.5,-5,9.8,38,55.6
1993-03-01,7.3,15.5,0.4,10,4.6,26.2,-5.1,11.1,64,83.4
1993-04-01,9.7,19,1.4,12.8,6.6,48.7,-1.5,10.1,52,129.6
1993-05-01,10.3,16.9,1.4,13.5,7.1,149.7,-1,10,57,166.8
1993-06-01,14.1,22.9,6.3,17.5,10.6,148.3,3.8,7.7,34,127.8
1993-07-01,14.8,22.5,7.4,18.3,11.3,60.1,3.1,10.7,37,140.4
1993-08-01,14.3,21.2,6.1,18.2,10.5,36.8,2.5,7.9,43,194.7
1993-09-01,12.2,20,4.5,15.4,9,90,-0.9,9.6,44,100.6
1993-10-01,8.4,15.1,-1.1,11.4,5.3,86.5,-4.6,7.3,30,97.3
1993-11-01,6.8,14.1,-0.9,9.2,4.4,45.4,-7.6,9.3,55,70.3
1993-12-01,5.7,13.9,-1,8.3,3.1,105.7,-3.6,14.3,71,47.3
1994-01-01,5.6,11.7,-2.1,8.3,2.9,83,-8.2,13.5,60,54.8
1994-02-01,4.6,10.1,-1.4,6.8,2.4,99.4,-6.9,12.9,57,42.2
1994-03-01,7.5,15,-0.1,10.7,4.2,72.1,-4,15.7,55,102.9
1994-04-01,7.5,19.1,1,11.4,3.7,60.3,-4.5,11.7,46,176.2
1994-05-01,9.2,18.8,0.8,12.7,5.7,52.5,-1,10.2,40,161.6
1994-06-01,12.8,21.4,4.2,17.1,8.6,21.2,2.6,10.6,38,140.7
1994-07-01,14.7,21.8,4.9,18.9,10.6,64.5,2.2,6.4,29,139.8
1994-08-01,13.8,22.1,4.7,17.6,10,58.6,4,9,36,131.1
1994-09-01,11.6,20.2,4.9,15.1,8.2,88.3,1.9,8.4,33,110.5
1994-10-01,9.9,17.8,-0.8,13.3,6.4,45.9,-2.4,9.6,43,128.7
1994-11-01,9.4,15.9,0.1,12.3,6.4,54.8,-1.8,10,40,52.6
1994-12-01,6.7,14.6,-1.4,9.6,3.7,86,-4.7,13.5,48,58.1
1995-01-01,4.6,12.8,-2.5,7.8,1.4,109.1,-5.9,13.3,57,41.5
1995-02-01,6,13,-2,9.1,2.9,92,-7,14.3,52,63.2
1995-03-01,5.2,15.4,-3.3,9,1.5,44.7,-6.9,13.5,66,122.7
1995-04-01,8.3,18.8,-2,12.8,3.8,27.3,-4.4,10.1,40,170.3
1995-05-01,10.2,22.5,0,14.4,6,49.2,-3.6,9.1,38,159.5
1995-06-01,13.1,25.3,4,18.1,8.1,11.6,0.7,8.3,28,240.5
1995-07-01,16.3,26.8,7.1,20.9,11.6,70.2,4,8.9,36,165.4
1995-08-01,17.4,27.1,6.8,22.9,11.8,7.2,1.7,8.1,38,274.3
1995-09-01,12.7,21.1,3.9,17.1,8.3,43.6,0.2,9, ,136.4
1995-10-01,12.4,21,0.6,16.2,8.5,38,-1.7,11.6,69,110.4
1995-11-01,7.7,14.7,-3.1,11,4.4,145.6,-5.9,9.7,41,67.8
1995-12-01,4.5,14.1,-7.9,6.9,2.2,72.7,-9.6,9.6,41,57.8
1996-01-01,6,12,-2.8,7.9,4.1,86.5,-3.2,13.5,46,16.4
1996-02-01,3.8,9.8,-3.9,7.2,0.4,62.4,-7.5,11.7,55,93.1
1996-03-01,4.8,10.7,-2,7.6,2,70.3,-5.3,10,36,46.4
1996-04-01,8.2,16.7,-1.9,12.3,4.2,58.3,-5.4,9.6,46,110.1
1996-05-01,8.5,20.6,-1.6,12.9,4.1,69.8,-4.1,9.6,44,207.4
1996-06-01,13,23.2,4,18.1,8,20.8,0.2,8.6,37,224.2
1996-07-01,14.9,24.3,4.8,19.5,10.3,36.8,2.7,8.8,37,168.9
1996-08-01,14.3,23,5.5,18.3,10.3,102.9,2.2,8.2,40,130.7
1996-09-01,12.9,22.8,4.2,17.1,8.7,19,0.1,9.2,42,159.2
1996-10-01,10.9,18.6,1.9,14.2,7.5,102.4,-1.2,12.6,45,73.5
1996-11-01,5.7,16.3,-2.8,8.9,2.5,103.8,-6,12.2,66,88.9
1996-12-01,4.2,11.3,-5.4,6.8,1.6,54.3,-8.6,10.5,43,39.4
1997-01-01,4.2,13.8,-4.2,6.9,1.5,13.5,-6.7,8,37,37.9
1997-02-01,6.2,12.9,-1.9,9.8,2.6,62.3,-5.7,16.4,67,89.9
1997-03-01,7.7,14.9,-3.1,12.1,3.3,15.1,-6.5,11.4,47,120.3
1997-04-01,8.8,18.2,-1.3,13.1,4.5,48.4,-3.6,8.2,44,125.7
1997-05-01,9.9,20.4,-0.6,14.7,5.1,61.4,-1.7,8.2,39,207
1997-06-01,12.3,20,3.9,16.1,8.6,125.3,-0.2,9.9,35,139.2
1997-07-01,15,22.7,7.2,19.5,10.5,54.1,3.8,8.4,39,169.3
1997-08-01,16,24.1,7.3,19.9,12,81.2,4.5,8.6,42,154
1997-09-01,13,20.3,4,17,9,19.1,1.3,9.5,41,142.5
1997-10-01,10.5,19.2,1.3,14,7,67.8,-3.7,8.8,45,94.9
1997-11-01,8.3,16.9,-0.6,11.1,5.4,87.2,-3.5,9.3,47,50.2
1997-12-01,6.4,13.6,-1.3,9.1,3.7,90.5,-5.6,12.6,76,46.7
1998-01-01,5.6,16.5,-4.8,8.4,2.9,79.5,-6.9,11.3,54,47.6
1998-02-01,7.9,16.2,-2.6,11,4.8,14,-5.5,13.1,52,77
1998-03-01,7.8,15.5,-0.7,11.2,4.4,65.9,-4.4,9.8,44,72
1998-04-01,6.8,15.3,-4,10.6,3.1,115.6,-5.6,10,49,132.1
1998-05-01,11.3,22.2,2.3,15.7,7,27.2,-0.7,8.5,42,196.2
1998-06-01,13,22.4,3.3,17.3,8.8,113.1,1.9,9.2,40,152.7
1998-07-01,14.4,21,6.4,18.2,10.6,54.2,5.4,10.3,38,133.5
1998-08-01,14.9,24.1,4.7,19.5,10.3,45,3.2,10.1,37,169.2
1998-09-01,13.3,21.4,3.5,17,9.6,95.8,1.4,9.5,39,124.4
1998-10-01,10.1,18.5,-0.1,13.5,6.8,75.1,-3,12.6,53,114.6
1998-11-01,6.9,16.5,-3.2,10.2,3.7,76.7,-3.9,11.5,55,94.4
1998-12-01,6,15,-3.2,9.4,2.6,70.3,-6.3,11.4,65,48
1999-01-01,5.4,12.9,-5.1,8.6,2.2,72.5,-6.3,12.6,49,75.2
1999-02-01,5.6,13.1,-3,8.7,2.5,32.2,-5.2,12.9,49,75.9
1999-03-01,7.2,17.2,-1.8,10.9,3.5,36.4,-4.7,11,42,113.3
1999-04-01,8.8,18.3,-3.1,12.9,4.7,75.2,-5.9,11.8,46,172.5
1999-05-01,11.6,20.8,2.5,15.4,7.8,39.2,1.2,9.6,40,122.4
1999-06-01,12.1,21.7,2.4,16.8,7.5,56.3,1.1,7.7,35,160.8
1999-07-01,15.9,25.6,8.3,20.2,11.6,35.3,6.6,9,41,189
1999-08-01,14.6,21.7,7.1,18.5,10.7,106.8,5.1,8.5,28,154.5
1999-09-01,14.2,22.9,4.2,17.9,10.5,104.3,3.6,8.5,49,111
1999-10-01,10.3,17.2,1,13.6,7,30.5,-2.9,10.6,50,108.1
1999-11-01,7.6,13.8,-2.1,10.7,4.5,43.5,-4.9,10.4,53,76.4
1999-12-01,4.6,11.5,-3.1,7.5,1.6,82.5,-7.2,14,71,53.3
2000-01-01,4.9,12,-3.1,7.7,2.1,40.1,-6.8,11.4,51,56.6
2000-02-01,6.1,13.8,-0.7,9.8,2.4,46.1,-7.2,14.3,58,90.6
2000-03-01,7.3,14.9,-2.4,10.7,3.8,21,-8,10.6,47,102.9
2000-04-01,6.4,14.4,-3.5,10.4,2.5,89.5,-7.1,9.3,42,154.5
2000-05-01,10.5,20.1,2,15,5.9,50.2,-2.6,8.8,34,261.8
2000-06-01,13.3,25.7,4.8,17.2,9.4,30.9,0.1,9.3,38,165.5
2000-07-01,14.6,22.8,5.6,18.6,10.5,48,0.6,7.9,36,162.7
2000-08-01,15.1,22.5,5.4,19.8,10.5,62.8,2.7,7.8,34,172.4
2000-09-01,13.2,21.5,2.4,17.4,9.1,99.9,-1.2,8.3,39,104.4
2000-10-01,9.3,18.1,2,13,5.5,87.3,-4.7,12.4,53,123
2000-11-01,6,14.1,-0.8,9.1,2.8,141.3,-6.6,12.9,53,65.4
2000-12-01,5.3,13.3,-7.4,7.9,2.7,126.3,-8.7,11.4,56,34.2
2001-01-01,3.6,11.6,-4.6,6.5,0.7,31.8,-9.4,9.8,43,68.8
2001-02-01,4.3,13.1,-4.8,8,0.5,49.5,-11.1,9.7,51,98.3
2001-03-01,5,14.1,-7.9,8.4,1.6,56.2,-12.4,10.3,41,122.2
2001-04-01,7.2,15.4,-1.5,11.5,2.9,77.9,-4.3,10.1,45,145.9
2001-05-01,11.4,22.2,-0.1,16.3,6.4,49.8,-3.4,7.7,40,239.8
2001-06-01,12.8,23.3,2.1,17.4,8.2,41.5,0.3,9,37,166.1
2001-07-01,15.1,26.9,6.2,19.6,10.7,30.5,2.1,9,45,143.3
2001-08-01,14.9,23.8,5.2,19.3,10.4,97.1,1.9,7.7,39,159.6
2001-09-01,12.8,20,2.2,17,8.6,41.7,-0.8,9.8,45,131.9
2001-10-01,12.2,19.6,1.5,15.5,9,90.3,-1.8,11.4,47,114.7
2001-11-01,7.8,15.5,-0.5,10.8,4.8,40.6,-3.1,10.3,41,57.2
2001-12-01,4.6,13.9,-5.7,7.9,1.2,21.7,-9.3,10.1,44,89
2002-01-01,6.8,13.8,-6.6,10.1,3.5,48.4,-11.7,12.3,57,57.2
2002-02-01,6.4,13,-3,9.9,3,125.9,-6.6,16.1,56,90.8
2002-03-01,7.2,14.8,-2.2,11.1,3.3,30.3,-7,12,56,125.4
2002-04-01,8.1,19.2,-1.9,12.4,3.8,81.7,-6.7,10.6,52,159.2
2002-05-01,10.9,18.2,1.9,15,6.8,121.3,-2.4,10.6,51,167.8
2002-06-01,13.1,21.6,5.5,17.2,9,81.2,1.5,10.8,45,162.2
2002-07-01,14.4,23.7,6.7,18.3,10.4,68.9,2.1,8.3,33,106.8
2002-08-01,15,21.9,6.2,18.9,11.2,50.8,4.2,7.4,41,140.2
2002-09-01,12.5,20.8,3.4,17.1,8,22.6,-1.4,7,34,130
2002-10-01,9.5,18.7,-0.1,13,5.9,181.2,-6.9,10,67,100
2002-11-01,8.4,15.9,1.3,11.2,5.7,185.8,-4,11.1,51,56.7
2002-12-01,6.4,13.4,-2.2,8.2,4.5,97.5,-5.5,11.2,48,30.6
2003-01-01,5.1,12.7,-4.4,8,2.1,62.6,-10.3,12.8,50,75.4
2003-02-01,4.8,12.3,-5.1,7.8,1.7,20.9,-10.7,11.2,42,102.5
2003-03-01,6.8,14.6,-2.3,11.6,2.1,27.1,-6.7,9.2,48,172.2
2003-04-01,8.9,18.4,-2.4,13.1,4.7,37,-6.6,9.4,43,183.8
2003-05-01,10.9,22.1,2.1,15,6.8,97.4,-3.4,11.1,40,159.4
2003-06-01,13.9,20.8,6.5,18.1,9.7,86.8,0.3,9.7,52,188.6
2003-07-01,16.2,23.9,9.2,20,12.3,47.6,5.7,8.8,30,132.2
2003-08-01,15.8,25.7,6,20.6,11,14.5,1.2,7.8,38,203.1
2003-09-01,13.5,24.6,4.8,18.3,8.6,37.4,-1.3,7.7,33,137
2003-10-01,9,18.8,-0.5,12.6,5.5,106.6,-5.2,10.5,39,115.6
2003-11-01,7.9,15.6,-1.6,11.2,4.6,55,-7.3,11.7,47,91.2
2003-12-01,5.2,13.7,-5.2,8.7,1.7,60.4,-10.6,9.9,42,53.8
2004-01-01,5.4,12.8,-4.5,8.3,2.4,82.6,-7.7,11.8,48,56.6
2004-02-01,4.9,14.8,-6.4,8.8,1,19.9,-10.7,10.9,51,127.6
2004-03-01,6.5,16.6,-5.3,10.6,2.4,43.9,-12.6,11.3,61,140.3
2004-04-01,8.7,18.1,-0.4,12.8,4.6,31.8,-3,10.9,49,170.2
2004-05-01,10.8,21.3,1.5,15.6,6,49.9,-1.1,9,35,211.6
2004-06-01,14.5,24.3,4.6,19.1,9.8,50.6,2.6,12,46,185
2004-07-01,14.4,21.8,4.6,18.7,10.2,38.1,2.7,10.2,35,159.9
2004-08-01,15.5,24.2,5.8,19.7,11.4,133.9,3.7,9.6,37,149.2
2004-09-01,13.6,23.7,4.9,17.2,10.1,46.8,2.7,13.2,45,139.2
2004-10-01,9.2,16,1.5,12.5,5.9,120.2,-1.8,11.7,46,99.9
2004-11-01,8,13.4,-1,10.6,5.3,39.9,-3.8,10.8,37,64.8
2004-12-01,6.4,12.5,-1.5,9.1,3.6,45,-5.7,12.9,45,57
2005-01-01,6.7,13.3,-0.9,9.5,3.9,64,-2.7,15.8,73,57
2005-02-01,4.8,11.8,-1.9,7.5,2,40.6,-6.9,11.5,51,64.8
2005-03-01,7.6,16.6,-2.1,10.6,4.5,21.9,-7.4,10.5,38,97.3
2005-04-01,8,17.6,-0.6,11.9,4.1,71.6,-2.8,11.1,43,135.9
2005-05-01,10.1,18.9,-0.4,14.2,6,67.1,-2.7,10.8,46,195.9
2005-06-01,14.5,23.5,4.3,18.6,10.3,31.2,1.3,9.3,37,166.3
2005-07-01,15.5,24.8,8.5,19.2,11.7,83.4,2.9,8.8,38,152.5
2005-08-01,15.2,22.8,6.1,19.6,10.9,26,3.3,9.5,38,149.8
2005-09-01,13.7,21.3,2.3,17.9,9.6,55.8,-1.8,10.8,41,125.4
2005-10-01,11.6,19.9,1.2,14.9,8.3,101.8,-3.2,10.6,42,87.1
2005-11-01,6.5,17.6,-3.4,10.1,2.9,46.7,-7.8,11,47,97.6
2005-12-01,5.8,13.4,-2.7,8.7,2.8,73,-8.8,9.8,36,45.4
2006-01-01,5.6,12.7,-3.8,8.6,2.6,16.4,-9.6,10,54,59.8
2006-02-01,5,13.6,-3.3,8,1.9,37.7,-8.4,10.6,43,67.8
2006-03-01,5.5,14.5,-5.8,8.8,2.2,69.7,-9.2,12.6,47,95.3
2006-04-01,8,16.7,-3.3,12.5,3.5,41.1,-7.4,10.9,39,199.7
2006-05-01,10.8,20.1,1.3,15.1,6.6,116.9,-2.5,10.8,40,196.7
2006-06-01,14.6,23.9,6.4,19,10.1,26.5,-0.2,8.7,45,222.5
2006-07-01,16.9,26.5,5.4,22,11.8,18.2,-0.6,8.4,38,240.2
2006-08-01,15.2,25.3,5.6,19.4,11,57.6,-0.1,10.2,33,144
2006-09-01,14.7,22.6,3.5,18.6,10.8,85.2,-1.9,10.4,49,134.4
2006-10-01,11.6,17.4,2.8,15.3,7.9,107,-2,10.6,40,116
2006-11-01,7.6,14.3,-2.1,10.9,4.2,69.1,-7.3,12.4,45,102.5
2006-12-01,6.6,13.5,-2.7,9.6,3.7,94.6,-7.1,13.1,67,68.5
2007-01-01,6.7,13.7,-1,9.4,3.9,73.2,-6.1,16.2,80,70.5
2007-02-01,5.9,14.3,-4.8,9.1,2.6,77.8,-10.5,10.3,51,83.6
2007-03-01,6.4,14,-2.5,10.3,2.5,38.8,-7.3,12.3,54,134
2007-04-01,10.6,19.7,0.4,15.2,6,14.7,-5,8.8,43,238.7
2007-05-01,10.8,21.2,0.3,15.3,6.3,35,-1.7,11.3,44,215.8
2007-06-01,13,22.3,4.6,17,9.1,126.4,2.1,9.2,36,144.5
2007-07-01,14.2,21,6.4,18.2,10.1,127.1,4.9,10.1,45,167.4
2007-08-01,14.6,22.8,6.2,18.7,10.4,95.5,3.7,9.7,37,146.2
2007-09-01,13,21.8,1.2,17,8.9,39.2,-1.6,10.3,42,126.8
2007-10-01,11,18.1,-0.3,15.2,6.7,15.7,-3.6,8.2,40,113.3
2007-11-01,8.3,16.4,-1.4,11,5.6,53.8,-4.5,11.6,42,47.1
2007-12-01,6.3,14.7,-3.7,9.5,3.2,63.8,-8.1,12.8,53,70.5
2008-01-01,6.4,14.3,-2.1,9.5,3.3,97.4,-3.7,14.6,56,52
2008-02-01,5.8,14.1,-6.7,9.8,1.8,14.7,-9.2,12.2,60,96.5
2008-03-01,6,12.6,-3.7,9.8,2.1,101.8,-6.3,15,60,126.4
2008-04-01,7.6,16.5,-1.4,11.7,3.4,27.6,-5.3,11.6,48,185.6
2008-05-01,11.6,21.4,0.6,16,7.2,32.7,-1.9,9.6,40,236.3
2008-06-01,12.8,22.3,2.9,17.3,8.3,76.4,0.3,9.9,48,181.7
2008-07-01,14.8,22.1,4.6,18.7,11,111.4,2.2,10.7,33,150.6
2008-08-01,15.2,21.5,7,18.4,11.9,189.9,4.4,10.3,36,100.6
2008-09-01,12.4,19.5,3.8,16.4,8.4,114.1,2.4,9.5,39,119.6
2008-10-01,8.9,17,-1.3,12.6,5.2,92.5,-3.5,12.6,47,120.9
2008-11-01,6.9,13.1,-2.9,9.5,4.4,44.7,-4.1,12.4,41,82.3
2008-12-01,4.4,12.2,-3.5,7.5,1.4,39.4,-7.8,10.1,49,58.9
2009-01-01,4.3,11.8,-4.2,7.2,1.3,62.1,-8,11.9,59,72
2009-02-01,5.1,12.7,-3,7.7,2.5,56.1,-6.3,10.3,40,66.5
2009-03-01,6.7,14.7,-3.8,10.7,2.7,26.2,-7.5,12.6,47,128.1
2009-04-01,8.3,16.8,-0.9,12.4,4.2,71.1,-5,9.6,49,166.4
2009-05-01,10.9,20.8,3.2,15.1,6.7,75.5,-0.9,12.1,44,215.9
2009-06-01,13.2,24.5,3.5,18.1,8.2,64.3,0.2,8.9,40,237.5
2009-07-01,14.9,22.5,7,18.8,11,165.4,3.4,9.9,36,162.5
2009-08-01,15.3,22.4,7.9,19.3,11.4,69.5,3.7,11.1,40,148.2
2009-09-01,12.5,19,2.7,16.7,8.4,24.2,-0.2,10.1,35,135.1
2009-10-01,11.1,17.7,1.2,14.5,7.7,63,-1.9,10.2,54,89.4
2009-11-01,7.4,14.6,-0.9,10.4,4.3,171.3,-4.4,14.3,51,79
2009-12-01,3.6,13.1,-6.6,6.6,0.6,69.1,-10,11.3,52,59
2010-01-01,1.7,11.5,-9.5,4.8,-1.4,45.2,-10.4,11,44,86.3
2010-02-01,2.3,9.3,-6.6,5.7,-1.2,36.7,-9.8,8.4,35,64.1
2010-03-01,4.9,14.3,-7.3,9.7,0.1,54.8,-11,9.3,46,155.1
2010-04-01,7.7,17.7,-3.8,12.9,2.5,26.7,-7,8.4,47,193.3
2010-05-01,9.6,23.5,-1,14.7,4.5,38,-4.3,8.2,28,234.7
2010-06-01,14.1,23.4,4.8,19.1,9.1,50.3,2.6,7.8,28,204.6
2010-07-01,16,24,8.6,19.6,12.3,78.5,6.4,10.6,49,142.3
2010-08-01,13.9,21.5,2.4,18.3,9.5,48,0.1,9.1,34,216
2010-09-01,13.1,20.9,2.7,17,9.2,104.3,-1.4,9.6,37,140.4
2010-10-01,10.1,18.7,-3.3,13.8,6.4,30.8,-8.3,10.2,37,134.8
2010-11-01,5.2,15.9,-8.4,8.3,2.1,100,-12,11.3,56,85.8
2010-12-01,-0.1,11.7,-12.2,3.3,-3.5,58.1, ,8.4,37,60.3
2011-01-01,3.6,12.5,-6.8,6.5,0.7,29.2,-10.4,9.8,42,73.2
2011-02-01,7,14.7,-1.7,10.3,3.7,76.1,-7.1,11.6,54,90.4
2011-03-01,5.8,15.6,-5.4,10.8,0.8,19.4,-8.6,8.4,54,162.9
2011-04-01,10.1,20.3,-0.1,15.2,5,28.4,-3.8,8.9,40,201.5
2011-05-01,11.4,17.6,3.8,15.1,7.7,37,-0.5,14.9,57,195.7
2011-06-01,12,23.3,2.1,16.9,7.1,64.3,-2.4,9.5,33,191.1
2011-07-01,13.8,22.3,4.9,18.3,9.2,42.6,2.4,8.6,34,159.3
2011-08-01,13.5,21.8,4.6,17.9,9.1,39.7,0.7,8.9,35,139.7
2011-09-01,14,24.1,3.9,17.4,10.6,65.2,0.4,12.9,56,120
2011-10-01,11.8,20.4,3,15.1,8.5,169.5,-0.8,12.8,54,84.4
2011-11-01,9.7,15.1,-2,12.7,6.7,48.5,-6.5,11.8,49,76.1
2011-12-01,5.8,13.3,-2.4,8.5,3,51.9,-4.5,16.3,52,57.3
2012-01-01,6.1,12.2,-3,9,3.3,63,-6.6,14.5,58,64.7
2012-02-01,6.6,14.1,-6.1,9.2,4,20.5,-10.7,11.1,41,62.6
2012-03-01,8,18.7,-1.8,12.4,3.5,25.6,-5.3,9.3,37,136.3
2012-04-01,6.6,13.8,-1.5,10.4,2.8,90.2,-4.9,11.6,45,164.6
2012-05-01,9.8,21,-3,14.3,5.4,60.4,-6.1,8.9,46,189.1
2012-06-01,12.7,22.9,3.8,16.2,9.1,147.7,0.1,9.9,43,130.8
2012-07-01,14,23.7,4.9,18,10,85.3,1,9.2,36,138
2012-08-01,15.3,22.2,7,19.1,11.5,78.1,2.3,9.7,41,151.5
2012-09-01,12,22.2,0.5,16.2,7.7,83.4,-3.7,11.7,41,158.1
2012-10-01,8.4,14.7,-0.6,11.9,4.9,71,-3.3,9.8,37,86.8
2012-11-01,6.4,14.2,-2.4,9.5,3.3,72,-6.7,11,41,97.9
2012-12-01,5.4,13.8,-3.3,8.4,2.4,52.3,-8.9,12.2,53,69.4
2013-01-01,4.9,13.8,-5.3,7.9,1.9,94.4,-10.3,11.5,56,37
2013-02-01,4.2,13,-3.3,7.2,1.3,47.3,-8,10.9,41,72.5
2013-03-01,3.1,9.9,-3.8,6,0.2,85.5,-8.1,11.7,40,69.6
2013-04-01,6.8,16.6,-5.6,11.1,2.6,40.1,-10.1,12.8,54,165.4
2013-05-01,10,19.6,-0.5,14.5,5.5,45.8,-5.3,11.8,50,194.4
2013-06-01,12.7,22.2,4,17.9,7.6,60.8,-0.3,9.4,36,210.4
2013-07-01,16.7,26.2,8.5,21.9,11.6,68.8,5.1,7.2,31,237
2013-08-01,15.6,22.9,7.9,19.8,11.4,48.5,4.5,9.6,34,130.3
2013-09-01,13,23.3,3.5,16.9,9.1,35.1,0.6,10.2,48,138.5
2013-10-01,11.7,19.4,1.8,14.8,8.6,127.8,-1.5,11,43,95.2
2013-11-01,6.3,13.9,-2.9,9.2,3.5,26.6,-5.7,10.5,45,80.3
2013-12-01,6.9,15,0.7,9.9,4,83.2,-5,14.6,63,51.3
2014-01-01,5.7,12.9,-1.5,8.5,2.9,101.6,-5.7,12.7,54,64.5
2014-02-01,5.6,12,-2.5,8.7,2.5,88.5,-5.8,15.9,66,101.2
2014-03-01,6.8,15.4,-3.3,10.5,3.1,53.7,-7.1,12.1,44,121
2014-04-01,8.9,16.4,-1.1,13.6,4.1,34.2,-5.3,9.8,38,185.9
2014-05-01,11.3,20.3,1.7,15.2,7.4,91.5,-1,9.9,38,146.2
2014-06-01,13.6,23.5,3,18.6,8.6,36.2,-1.4,7.6,28,202.6
2014-07-01,15.8,24.1,5.1,20.6,11.1,35,2.2,8.7,33,182.8
2014-08-01,13.9,21.6,3.3,18,9.8,173,-0.3,11.4,36,158.6
2014-09-01,13.1,22,3.7,17.8,8.4,26.5,0.3,6.5,28,141.2
2014-10-01,10.9,18.9,-0.6,14.8,7,90.2,-3.4,11.5,47,115.3
2014-11-01,7.7,15,-2.4,10.9,4.5,140.9,-6.4,9.1,44,63.1
2014-12-01,5.4,13.2,-3.9,7.9,2.8,55.9,-9.7,13.9,49,81.9
2015-01-01,4.7,14.4,-6,7.9,1.5,47.7,-9.3,15.1,58,92.4
2015-02-01,4,12.6,-7.9,7.4,0.6,34.6,-10.9,10.8,52,79.2
2015-03-01,5.8,14.2,-4,9.9,1.6,57.5,-7.3,12.9,56,155.9
2015-04-01,7.4,18.1,-2.7,13,1.8,43.9,-7,9.4,42,229.9
2015-05-01,9.6,18.4,0.5,13.8,5.4,90.5,-3.3,12.6,43,165.9
2015-06-01,12.9,24.7,0.7,17.7,8,14.1,-3.2,10.5,51,204.3
2015-07-01,13.8,23.4,3.9,18.1,9.5,69.2,0.8,10.5,36,134.5
2015-08-01,14,23.3,3.8,18.3,9.6,100.1,-0.7,9.2,37,158.1
2015-09-01,11.8,17.3,3.9,15.7,7.9,56.6,0.1,9,30,136.4
2015-10-01,10.2,17.7,-0.3,13.9,6.4,49.1,-3.9,8.6,41,88.4
2015-11-01,8.7,16.8,-1.7,12.1,5.2,121.6,-5.7,13.6,56,54.5
2015-12-01,8.6,15.5,-1.6,12,5.3,193.5,-5.4,14.9,57,48
2016-01-01,5.7,15.2,-0.8,8.8,2.7,118.4,-6.2,13.2,55,66.4
2016-02-01,4.4,11.7,-5.5,7.9,1,59.7,-9.9,13.2,56,79.7
2016-03-01,5.9,13.9,-4,9.7,2,36.3,-7.9,10.6,56,121.8
2016-04-01,6.2,13.5,-2.7,10.6,1.9,88.2,-7.6,10.6,43,148.1
2016-05-01,11.1,20.5,1.7,15.6,6.7,46.8,-2.8,9.5,42,209.1
2016-06-01,14,21.7,2.5,18.2,9.8,58.5,-0.6,7.7,35,142.8
2016-07-01,15.7,26.3,7.1,19.9,11.5,43.7,2.8,10.3,41,128.4
2016-08-01,15.4,23.1,6.4,19.5,11.4,61.9,1.7,10.8,40,137.3
2016-09-01,14.3,25.1,5,18,10.6,56.6,1.3,10.3,42,112.4
2016-10-01,10.4,16.6,1.9,13.7,7.2,60,-1.4,9.4,40,107.7
2016-11-01,5.6,15.7,-2.6,9,2.3,36.9,-6.7,10.6,35,97.5
2016-12-01,6.7,15.3,-2.3,10.1,3.3,46.6,-5.7,9.8,49,60.6
2017-01-01,5.7,11.9,-4.8,8.4,3,21.9,-9,10.3,45,57.4
2017-02-01,6.2,12.9,-3.9,9.3,3.2,41.6,-7.6,13.4,64,51.1
2017-03-01,7.7,16.3,-1.7,11.4,4,67.2,-6.6,11.7,44,127.7
2017-04-01,8,16.5,-1.2,12.4,3.7,10,-5,9.5,33,99.1
2017-05-01,11.6,23.2,-1.5,16.6,6.7,43.5,-5.4,9.6,32,224.3
2017-06-01,14.4,26.3,3.7,18.6,10.2,86.4,1.6,11,41,161.5
2017-07-01,15,24.2,6,19.5,10.5,42.2,1.8,9.8,36,166
2017-08-01,14.6,21.8,4.9,18.7,10.5,73.2,0.8,10,31,120.5
2017-09-01,12.4,18.9,4.5,16.5,8.3,82.3,0.4,10.9,43,128.7
2017-10-01,11.2,19.5,0.8,14.8,7.7,47.8,-3.1,12.2,56,73.9
2017-11-01,6.5,14.1,-0.5,9.6,3.3,81.5,-2.9,10.8,36,87
2017-12-01,5.3,13.6,-4.8,8.1,2.5,63.1,-6.7,12.4,49,59.1
2018-01-01,5.3,13.1,-3.2,8.4,2.2,93.1,-9.8,14.8,54,73.3
